username,money
Captain Jack Sparrow,98.6881017883719
Owen Wood,72.8184588769537
Kieth Morgan,63.0406936956759
Deborah Bristow,52.7470959936022
Barney Lane,89.8672762340248
Makena Marshall,97.0543488092042
Lauren Hooper,93.3797219704742
Erica Ogilvy,76.2874379331653
Ronald Walsh,95.0173421176231
Aiden Aldridge,74.526420235879

